[
  {
    "id":24,
    "source":0,
    "property_preprocess":false,
    "name":"migxFineUploader",
    "description":"",
    "editor_type":0,
    "category":0,
    "cache_type":0,
    "locked":false,
    "properties":[
      
    ],
    "moduleguid":"",
    "static":false,
    "static_file":"",
    "filename":"migxfineuploader.snippet.php",
    "category_name":"migxFineUploader"
  },
  {
    "id":25,
    "source":0,
    "property_preprocess":false,
    "name":"mfuUploaderGetProperties",
    "description":"",
    "editor_type":0,
    "category":0,
    "cache_type":0,
    "locked":false,
    "properties":[
      
    ],
    "moduleguid":"",
    "static":false,
    "static_file":"",
    "filename":"mfuuploadergetproperties.snippet.php",
    "category_name":"migxFineUploader"
  }
]